niche,cluster,keyword,intent
"werkstatt-maker","3D-Druck Filament & Druckkosten (Rechner)","filament rechner",informational
"werkstatt-maker","3D-Druck Filament & Druckkosten (Rechner)","filament kosten rechner",informational
"werkstatt-maker","3D-Druck Filament & Druckkosten (Rechner)","filament kosten berechnen",informational
"werkstatt-maker","3D-Druck Filament & Druckkosten (Rechner)","3d druck kosten rechner",informational
"werkstatt-maker","3D-Druck Filament & Druckkosten (Rechner)","3d druck kosten berechnen",informational
"werkstatt-maker","3D-Druck Filament & Druckkosten (Rechner)","3d druck kostenrechner kostenlos",informational
"werkstatt-maker","3D-Druck Filament & Druckkosten (Rechner)","3d druck kalkulator",informational
"werkstatt-maker","3D-Druck Filament & Druckkosten (Rechner)","wie viel filament brauche ich",informational
"werkstatt-maker","3D-Druck Filament & Druckkosten (Rechner)","filament gewicht rechner",informational
"werkstatt-maker","3D-Druck Filament & Druckkosten (Rechner)","filament verbrauch berechnen",informational
"werkstatt-maker","3D-Druck Filament & Druckkosten (Rechner)","filament länge berechnen meter",informational
"werkstatt-maker","3D-Druck Filament & Druckkosten (Rechner)","petg filament kosten berechnen",informational
"werkstatt-maker","3D-Druck Filament & Druckkosten (Rechner)","pla filament kosten rechner",informational
"werkstatt-maker","3D-Druck Filament & Druckkosten (Rechner)","filament preis pro kg rechner",informational
"werkstatt-maker","3D-Druck Filament & Druckkosten (Rechner)","stl volumen filament rechner",informational
"werkstatt-maker","3D-Druck Filament & Druckkosten (Rechner)","druckkosten 3d drucker rechner online",informational
"werkstatt-maker","CNC Schnittdaten / Feeds & Speeds (Rechner)","schnittdaten rechner",informational
"werkstatt-maker","CNC Schnittdaten / Feeds & Speeds (Rechner)","schnittdaten fräsen rechner",informational
"werkstatt-maker","CNC Schnittdaten / Feeds & Speeds (Rechner)","schnittgeschwindigkeit berechnen fräsen",informational
"werkstatt-maker","CNC Schnittdaten / Feeds & Speeds (Rechner)","vorschub berechnen cnc",informational
"werkstatt-maker","CNC Schnittdaten / Feeds & Speeds (Rechner)","drehzahl fräser berechnen",informational
"werkstatt-maker","CNC Schnittdaten / Feeds & Speeds (Rechner)","feeds and speeds rechner deutsch",informational
"werkstatt-maker","CNC Schnittdaten / Feeds & Speeds (Rechner)","zerspanung schnittdaten berechnen",informational
"werkstatt-maker","CNC Schnittdaten / Feeds & Speeds (Rechner)","schnittdaten bohren rechner",informational
"werkstatt-maker","CNC Schnittdaten / Feeds & Speeds (Rechner)","spindeldrehzahl rechner",informational
"werkstatt-maker","CNC Schnittdaten / Feeds & Speeds (Rechner)","zahnvorschub fz berechnen",informational
"werkstatt-maker","CNC Schnittdaten / Feeds & Speeds (Rechner)","schnittdaten aluminium fräsen",informational
"werkstatt-maker","CNC Schnittdaten / Feeds & Speeds (Rechner)","schnittdatenrechner online kostenlos",informational
"werkstatt-maker","Zuschnitt / Verschnitt Optimierung (Holz/Platten)","zuschnittoptimierung online",informational
"werkstatt-maker","Zuschnitt / Verschnitt Optimierung (Holz/Platten)","zuschnittoptimierung kostenlos",informational
"werkstatt-maker","Zuschnitt / Verschnitt Optimierung (Holz/Platten)","verschnittoptimierung online",informational
"werkstatt-maker","Zuschnitt / Verschnitt Optimierung (Holz/Platten)","plattenzuschnitt rechner",informational
"werkstatt-maker","Zuschnitt / Verschnitt Optimierung (Holz/Platten)","plattenzuschnitt berechnen",informational
"werkstatt-maker","Zuschnitt / Verschnitt Optimierung (Holz/Platten)","zuschnitt optimierer online",informational
"werkstatt-maker","Zuschnitt / Verschnitt Optimierung (Holz/Platten)","schnittplan erstellen online",informational
"werkstatt-maker","Zuschnitt / Verschnitt Optimierung (Holz/Platten)","verschnitt berechnen platten",informational
"werkstatt-maker","Zuschnitt / Verschnitt Optimierung (Holz/Platten)","sägeplan optimierung kostenlos",informational
"werkstatt-maker","Zuschnitt / Verschnitt Optimierung (Holz/Platten)","plattenaufteilung rechner online",informational
"werkstatt-maker","Holz / Schnittholz Volumen & Gewicht (Brettmeter / Board Foot)","schnittholz rechner",informational
"werkstatt-maker","Holz / Schnittholz Volumen & Gewicht (Brettmeter / Board Foot)","holz volumen berechnen rechner",informational
"werkstatt-maker","Holz / Schnittholz Volumen & Gewicht (Brettmeter / Board Foot)","brettmeter berechnen",informational
"werkstatt-maker","Holz / Schnittholz Volumen & Gewicht (Brettmeter / Board Foot)","holzgewicht berechnen rechner",informational
"werkstatt-maker","Holz / Schnittholz Volumen & Gewicht (Brettmeter / Board Foot)","festmeter rechner holz",informational
"werkstatt-maker","Holz / Schnittholz Volumen & Gewicht (Brettmeter / Board Foot)","board foot rechner",informational
"werkstatt-maker","Holz / Schnittholz Volumen & Gewicht (Brettmeter / Board Foot)","holz umrechner festmeter raummeter",informational
"werkstatt-maker","Holz / Schnittholz Volumen & Gewicht (Brettmeter / Board Foot)","kubikmeter holz berechnen",informational
"werkstatt-maker","Holz / Schnittholz Volumen & Gewicht (Brettmeter / Board Foot)","schnittholz gewicht berechnen online",informational
"werkstatt-maker","Metall Materialgewicht (Rechner)","metall gewicht rechner",informational
"werkstatt-maker","Metall Materialgewicht (Rechner)","gewichtsrechner metall",informational
"werkstatt-maker","Metall Materialgewicht (Rechner)","stahl gewicht berechnen",informational
"werkstatt-maker","Metall Materialgewicht (Rechner)","blech gewicht berechnen rechner",informational
"werkstatt-maker","Metall Materialgewicht (Rechner)","aluminium gewicht rechner",informational
"werkstatt-maker","Metall Materialgewicht (Rechner)","rohr gewicht berechnen stahl",informational
"werkstatt-maker","Metall Materialgewicht (Rechner)","edelstahl gewicht rechner online",informational
"werkstatt-maker","Metall Materialgewicht (Rechner)","materialgewicht berechnen metall",informational
"werkstatt-maker","Metall Materialgewicht (Rechner)","blechtafel gewicht rechner",informational
"werkstatt-maker","Gewinde, Bohrer & Schrauben (Tabelle / Rechner)","kernlochbohrer tabelle",informational
"werkstatt-maker","Gewinde, Bohrer & Schrauben (Tabelle / Rechner)","kernloch tabelle metrisch",informational
"werkstatt-maker","Gewinde, Bohrer & Schrauben (Tabelle / Rechner)","gewinde bohrer tabelle",informational
"werkstatt-maker","Gewinde, Bohrer & Schrauben (Tabelle / Rechner)","vorbohren gewinde rechner",informational
"werkstatt-maker","Gewinde, Bohrer & Schrauben (Tabelle / Rechner)","kernlochdurchmesser berechnen",informational
"werkstatt-maker","Gewinde, Bohrer & Schrauben (Tabelle / Rechner)","gewindetabelle metrisch",informational
"werkstatt-maker","Gewinde, Bohrer & Schrauben (Tabelle / Rechner)","welcher bohrer für welches gewinde",informational
"werkstatt-maker","Gewinde, Bohrer & Schrauben (Tabelle / Rechner)","kernloch m6 m8 m10 tabelle",informational
"werkstatt-maker","Drehmoment / Anzugsmoment Schrauben (Rechner / Tabelle)","drehmoment tabelle schrauben",informational
"werkstatt-maker","Drehmoment / Anzugsmoment Schrauben (Rechner / Tabelle)","anzugsdrehmoment tabelle",informational
"werkstatt-maker","Drehmoment / Anzugsmoment Schrauben (Rechner / Tabelle)","anzugsmoment rechner",informational
"werkstatt-maker","Drehmoment / Anzugsmoment Schrauben (Rechner / Tabelle)","schrauben drehmoment berechnen",informational
"werkstatt-maker","Drehmoment / Anzugsmoment Schrauben (Rechner / Tabelle)","anzugsmoment m8 m10 tabelle",informational
"werkstatt-maker","Drehmoment / Anzugsmoment Schrauben (Rechner / Tabelle)","drehmoment schrauben rechner online",informational
"werkstatt-maker","Drehmoment / Anzugsmoment Schrauben (Rechner / Tabelle)","drehmoment festigkeitsklasse 8.8 tabelle",informational
"werkstatt-maker","Blechbiegung K-Faktor & Abwicklung (Rechner)","k faktor rechner blech",informational
"werkstatt-maker","Blechbiegung K-Faktor & Abwicklung (Rechner)","blechabwicklung berechnen",informational
"werkstatt-maker","Blechbiegung K-Faktor & Abwicklung (Rechner)","biegezugabe berechnen",informational
"werkstatt-maker","Blechbiegung K-Faktor & Abwicklung (Rechner)","biegeradius rechner blech",informational
"werkstatt-maker","Blechbiegung K-Faktor & Abwicklung (Rechner)","gestreckte länge berechnen blech",informational
"werkstatt-maker","Blechbiegung K-Faktor & Abwicklung (Rechner)","biegeverkürzung rechner",informational
"werkstatt-maker","Blechbiegung K-Faktor & Abwicklung (Rechner)","k faktor blech tabelle",informational
"werkstatt-maker","Schrittmotor / 3D-Drucker Kalibrierung (Rechner)","steps per mm rechner",informational
"werkstatt-maker","Schrittmotor / 3D-Drucker Kalibrierung (Rechner)","steps per mm berechnen",informational
"werkstatt-maker","Schrittmotor / 3D-Drucker Kalibrierung (Rechner)","schrittmotor schritte pro mm berechnen",informational
"werkstatt-maker","Schrittmotor / 3D-Drucker Kalibrierung (Rechner)","e steps rechner 3d drucker",informational
"werkstatt-maker","Schrittmotor / 3D-Drucker Kalibrierung (Rechner)","schrittmotor steps berechnen cnc",informational
"werkstatt-maker","Schrittmotor / 3D-Drucker Kalibrierung (Rechner)","mm pro step berechnen",informational
"werkstatt-maker","Schrittmotor / 3D-Drucker Kalibrierung (Rechner)","extruder kalibrierung rechner",informational
"werkstatt-maker","Generatoren: Zahnrad / Box / Gridfinity / Living Hinge (DXF/SVG/STL)","zahnrad generator dxf",informational
"werkstatt-maker","Generatoren: Zahnrad / Box / Gridfinity / Living Hinge (DXF/SVG/STL)","zahnrad generator online",informational
"werkstatt-maker","Generatoren: Zahnrad / Box / Gridfinity / Living Hinge (DXF/SVG/STL)","zahnrad berechnen modul",informational
"werkstatt-maker","Generatoren: Zahnrad / Box / Gridfinity / Living Hinge (DXF/SVG/STL)","fingerzinken box generator",informational
"werkstatt-maker","Generatoren: Zahnrad / Box / Gridfinity / Living Hinge (DXF/SVG/STL)","laser box generator deutsch",informational
"werkstatt-maker","Generatoren: Zahnrad / Box / Gridfinity / Living Hinge (DXF/SVG/STL)","kiste fingerzinken generator",informational
"werkstatt-maker","Generatoren: Zahnrad / Box / Gridfinity / Living Hinge (DXF/SVG/STL)","gridfinity generator",informational
"werkstatt-maker","Generatoren: Zahnrad / Box / Gridfinity / Living Hinge (DXF/SVG/STL)","gridfinity bin generator stl",informational
"werkstatt-maker","Generatoren: Zahnrad / Box / Gridfinity / Living Hinge (DXF/SVG/STL)","living hinge generator",informational
"werkstatt-maker","Generatoren: Zahnrad / Box / Gridfinity / Living Hinge (DXF/SVG/STL)","zahnrad zeichnen online dxf",informational
"werkstatt-maker","Commercial Intent","filament kaufen",commercial
"werkstatt-maker","Commercial Intent","petg filament kaufen",commercial
"werkstatt-maker","Commercial Intent","pla filament 1kg kaufen",commercial
"werkstatt-maker","Commercial Intent","filament günstig kaufen",commercial
"werkstatt-maker","Commercial Intent","3d drucker kaufen",commercial
"werkstatt-maker","Commercial Intent","bambu lab kaufen",commercial
"werkstatt-maker","Commercial Intent","3d drucker gehäuse kaufen",commercial
"werkstatt-maker","Commercial Intent","vhm fräser aluminium kaufen",commercial
"werkstatt-maker","Commercial Intent","schaftfräser cnc kaufen",commercial
"werkstatt-maker","Commercial Intent","fräser aluminium kaufen",commercial
"werkstatt-maker","Commercial Intent","nema 17 schrittmotor kaufen",commercial
"werkstatt-maker","Commercial Intent","schrittmotor 3d drucker kaufen",commercial
"werkstatt-maker","Commercial Intent","gewindebohrer set kaufen",commercial
"werkstatt-maker","Commercial Intent","drehmomentschlüssel kaufen",commercial
"werkstatt-maker","Commercial Intent","multiplex platte zuschnitt kaufen",commercial
"werkstatt-maker","Commercial Intent","siebdruckplatte zuschnitt online",commercial
"werkstatt-maker","Commercial Intent","aluminium platte zuschnitt kaufen",commercial
"werkstatt-maker","Commercial Intent","edelstahlblech kaufen zuschnitt",commercial
"werkstatt-maker","Commercial Intent","cnc fräse kaufen",commercial
"werkstatt-maker","Commercial Intent","lasercutter kaufen",commercial
"werkstatt-maker","Commercial Intent","3d drucker filament sortiment kaufen",commercial
"werkstatt-maker","Commercial Intent","messschieber digital kaufen",commercial
"werkstatt-maker","English","feeds and speeds calculator",english
"werkstatt-maker","English","cnc feeds and speeds calculator",english
"werkstatt-maker","English","filament cost calculator",english
"werkstatt-maker","English","3d printing cost calculator",english
"werkstatt-maker","English","how much filament do i need",english
"werkstatt-maker","English","filament weight calculator",english
"werkstatt-maker","English","cut list optimizer",english
"werkstatt-maker","English","cutting optimization calculator",english
"werkstatt-maker","English","board foot calculator",english
"werkstatt-maker","English","lumber weight calculator",english
"werkstatt-maker","English","metal weight calculator",english
"werkstatt-maker","English","steel weight calculator",english
"werkstatt-maker","English","sheet metal weight calculator",english
"werkstatt-maker","English","tap drill size chart",english
"werkstatt-maker","English","tap drill calculator",english
"werkstatt-maker","English","bolt torque calculator",english
"werkstatt-maker","English","screw torque chart",english
"werkstatt-maker","English","k factor calculator sheet metal",english
"werkstatt-maker","English","bend allowance calculator",english
"werkstatt-maker","English","steps per mm calculator",english
"werkstatt-maker","English","stepper motor steps per mm calculator",english
"werkstatt-maker","English","gear generator dxf",english
"werkstatt-maker","English","involute gear generator",english
"werkstatt-maker","English","finger joint box generator",english
"werkstatt-maker","English","laser cut box generator",english
"werkstatt-maker","English","gridfinity generator",english
"werkstatt-maker","English","gridfinity bin generator",english
"werkstatt-maker","English","living hinge generator",english
"werkstatt-maker","English","living hinge pattern generator",english
"garten","Hochbeet & Erdvolumen Rechner","hochbeet rechner",informational
"garten","Hochbeet & Erdvolumen Rechner","hochbeet erde berechnen",informational
"garten","Hochbeet & Erdvolumen Rechner","erde für hochbeet berechnen",informational
"garten","Hochbeet & Erdvolumen Rechner","hochbeet erdvolumen rechner",informational
"garten","Hochbeet & Erdvolumen Rechner","wieviel erde für hochbeet",informational
"garten","Hochbeet & Erdvolumen Rechner","hochbeet befüllen rechner",informational
"garten","Hochbeet & Erdvolumen Rechner","hochbeet liter rechner",informational
"garten","Hochbeet & Erdvolumen Rechner","erdbedarf rechner garten",informational
"garten","Hochbeet & Erdvolumen Rechner","blumenerde menge berechnen",informational
"garten","Hochbeet & Erdvolumen Rechner","wieviel blumenerde brauche ich",informational
"garten","Hochbeet & Erdvolumen Rechner","pflanzkübel erde berechnen",informational
"garten","Hochbeet & Erdvolumen Rechner","hochbeet schichten rechner",informational
"garten","Rindenmulch & Mulch Menge","rindenmulch rechner",informational
"garten","Rindenmulch & Mulch Menge","rindenmulch menge berechnen",informational
"garten","Rindenmulch & Mulch Menge","wieviel rindenmulch brauche ich",informational
"garten","Rindenmulch & Mulch Menge","rindenmulch m3 berechnen",informational
"garten","Rindenmulch & Mulch Menge","rindenmulch pro m2",informational
"garten","Rindenmulch & Mulch Menge","rindenmulch bedarf rechner",informational
"garten","Rindenmulch & Mulch Menge","mulch menge rechner",informational
"garten","Rindenmulch & Mulch Menge","pinienrinde menge berechnen",informational
"garten","Rindenmulch & Mulch Menge","rindenmulch kosten berechnen",informational
"garten","Rindenmulch & Mulch Menge","hackschnitzel menge berechnen",informational
"garten","Kies, Sand & Schüttgut Volumen","schüttgut rechner",informational
"garten","Kies, Sand & Schüttgut Volumen","kies menge berechnen",informational
"garten","Kies, Sand & Schüttgut Volumen","kies rechner tonnen",informational
"garten","Kies, Sand & Schüttgut Volumen","kies in tonnen umrechnen",informational
"garten","Kies, Sand & Schüttgut Volumen","sand menge berechnen",informational
"garten","Kies, Sand & Schüttgut Volumen","schotter rechner",informational
"garten","Kies, Sand & Schüttgut Volumen","splitt menge berechnen",informational
"garten","Kies, Sand & Schüttgut Volumen","wieviel kies pro m2",informational
"garten","Kies, Sand & Schüttgut Volumen","kies volumen berechnen",informational
"garten","Kies, Sand & Schüttgut Volumen","schüttgut umrechner",informational
"garten","Kies, Sand & Schüttgut Volumen","big bag rechner",informational
"garten","Kies, Sand & Schüttgut Volumen","kies kosten rechner",informational
"garten","Pflanzabstand & Pflanzen pro Meter","pflanzabstand rechner",informational
"garten","Pflanzabstand & Pflanzen pro Meter","pflanzen pro meter berechnen",informational
"garten","Pflanzabstand & Pflanzen pro Meter","pflanzabstand berechnen",informational
"garten","Pflanzabstand & Pflanzen pro Meter","wieviele pflanzen pro qm",informational
"garten","Pflanzabstand & Pflanzen pro Meter","reihenabstand rechner",informational
"garten","Pflanzabstand & Pflanzen pro Meter","hecke pflanzen pro meter",informational
"garten","Pflanzabstand & Pflanzen pro Meter","heckenpflanzen abstand berechnen",informational
"garten","Pflanzabstand & Pflanzen pro Meter","wieviele heckenpflanzen pro meter",informational
"garten","Pflanzabstand & Pflanzen pro Meter","stauden pro qm rechner",informational
"garten","Pflanzabstand & Pflanzen pro Meter","pflanzenanzahl berechnen",informational
"garten","Rasen: Samen & Rollrasen Rechner","rasensamen menge rechner",informational
"garten","Rasen: Samen & Rollrasen Rechner","rasensamen pro m2 berechnen",informational
"garten","Rasen: Samen & Rollrasen Rechner","wieviel rasensamen brauche ich",informational
"garten","Rasen: Samen & Rollrasen Rechner","rasenfläche berechnen",informational
"garten","Rasen: Samen & Rollrasen Rechner","rollrasen rechner",informational
"garten","Rasen: Samen & Rollrasen Rechner","rollrasen menge berechnen",informational
"garten","Rasen: Samen & Rollrasen Rechner","rasen nachsaat menge rechner",informational
"garten","Rasen: Samen & Rollrasen Rechner","rasendünger menge berechnen",informational
"garten","Rasen: Samen & Rollrasen Rechner","saatgut rechner rasen",informational
"garten","Rasen: Samen & Rollrasen Rechner","rasen quadratmeter rechner",informational
"garten","Aussaat, Mischkultur & Fruchtfolge Planer","aussaatkalender",informational
"garten","Aussaat, Mischkultur & Fruchtfolge Planer","aussaatkalender gemüse",informational
"garten","Aussaat, Mischkultur & Fruchtfolge Planer","mischkultur tabelle",informational
"garten","Aussaat, Mischkultur & Fruchtfolge Planer","fruchtfolge planer",informational
"garten","Aussaat, Mischkultur & Fruchtfolge Planer","fruchtfolge tabelle gemüse",informational
"garten","Aussaat, Mischkultur & Fruchtfolge Planer","pflanzkalender gemüse",informational
"garten","Aussaat, Mischkultur & Fruchtfolge Planer","gemüse aussaat tabelle",informational
"garten","Aussaat, Mischkultur & Fruchtfolge Planer","beetplaner online",informational
"garten","Aussaat, Mischkultur & Fruchtfolge Planer","mischkultur rechner",informational
"garten","Aussaat, Mischkultur & Fruchtfolge Planer","anbauplan erstellen",informational
"garten","Aussaat, Mischkultur & Fruchtfolge Planer","wann was säen kalender",informational
"garten","Aussaat, Mischkultur & Fruchtfolge Planer","gemüsegarten planer online",informational
"garten","Tomaten & Gemüse vorziehen Timing","wann tomaten vorziehen",informational
"garten","Tomaten & Gemüse vorziehen Timing","tomaten vorziehen zeitpunkt rechner",informational
"garten","Tomaten & Gemüse vorziehen Timing","wann tomaten ins gewächshaus",informational
"garten","Tomaten & Gemüse vorziehen Timing","wann paprika vorziehen",informational
"garten","Tomaten & Gemüse vorziehen Timing","wann chili vorziehen",informational
"garten","Tomaten & Gemüse vorziehen Timing","aussaat tomaten rechner",informational
"garten","Tomaten & Gemüse vorziehen Timing","vorzieh kalender gemüse",informational
"garten","Tomaten & Gemüse vorziehen Timing","wann gurken vorziehen",informational
"garten","Tomaten & Gemüse vorziehen Timing","tomaten pikieren wann",informational
"garten","Tomaten & Gemüse vorziehen Timing","aussaattermin rechner",informational
"garten","Teich & Teichfolie Rechner","teichfolie rechner",informational
"garten","Teich & Teichfolie Rechner","teichfolie größe berechnen",informational
"garten","Teich & Teichfolie Rechner","teichfolie berechnen",informational
"garten","Teich & Teichfolie Rechner","wieviel teichfolie brauche ich",informational
"garten","Teich & Teichfolie Rechner","teichvolumen berechnen",informational
"garten","Teich & Teichfolie Rechner","teich liter rechner",informational
"garten","Teich & Teichfolie Rechner","teichfolie maße rechner",informational
"garten","Teich & Teichfolie Rechner","teichvlies menge berechnen",informational
"garten","Teich & Teichfolie Rechner","teichfolie kosten berechnen",informational
"garten","Regenwasser, Zisterne & Regentonne Rechner","regenwasser rechner",informational
"garten","Regenwasser, Zisterne & Regentonne Rechner","zisterne größe berechnen",informational
"garten","Regenwasser, Zisterne & Regentonne Rechner","zisternengröße rechner",informational
"garten","Regenwasser, Zisterne & Regentonne Rechner","regenwasser ertrag berechnen",informational
"garten","Regenwasser, Zisterne & Regentonne Rechner","regenwassertank größe berechnen",informational
"garten","Regenwasser, Zisterne & Regentonne Rechner","regentonne größe berechnen",informational
"garten","Regenwasser, Zisterne & Regentonne Rechner","dachfläche regenwasser rechner",informational
"garten","Regenwasser, Zisterne & Regentonne Rechner","regenwasser sparpotenzial rechner",informational
"garten","Regenwasser, Zisterne & Regentonne Rechner","zisterne berechnen online",informational
"garten","Regenwasser, Zisterne & Regentonne Rechner","regenwasser bedarf rechner",informational
"garten","Gewächshaus Heizung & Klima","gewächshaus heizung berechnen",informational
"garten","Gewächshaus Heizung & Klima","heizbedarf gewächshaus rechner",informational
"garten","Gewächshaus Heizung & Klima","gewächshaus heizung leistung berechnen",informational
"garten","Gewächshaus Heizung & Klima","frostwächter gewächshaus rechner",informational
"garten","Gewächshaus Heizung & Klima","gewächshaus volumen berechnen",informational
"garten","Gewächshaus Heizung & Klima","gewächshaus temperatur rechner",informational
"garten","Gewächshaus Heizung & Klima","wieviel watt gewächshaus heizung",informational
"garten","Gewächshaus Heizung & Klima","gewächshaus kalender",informational
"garten","Dünger & Kompost Mengen","dünger menge berechnen",informational
"garten","Dünger & Kompost Mengen","düngerbedarf rechner garten",informational
"garten","Dünger & Kompost Mengen","wieviel dünger pro m2",informational
"garten","Dünger & Kompost Mengen","kompost menge berechnen",informational
"garten","Dünger & Kompost Mengen","kalk menge rasen berechnen",informational
"garten","Dünger & Kompost Mengen","npk dünger rechner",informational
"garten","Dünger & Kompost Mengen","kompostmenge rechner garten",informational
"garten","Commercial Intent","hochbeeterde kaufen",commercial
"garten","Commercial Intent","hochbeeterde 1000 l big bag",commercial
"garten","Commercial Intent","blumenerde big bag kaufen",commercial
"garten","Commercial Intent","rindenmulch kaufen",commercial
"garten","Commercial Intent","rindenmulch big bag 1000 l",commercial
"garten","Commercial Intent","kies kaufen preis",commercial
"garten","Commercial Intent","schotter preis pro tonne",commercial
"garten","Commercial Intent","rollrasen kaufen",commercial
"garten","Commercial Intent","rollrasen preis pro m2",commercial
"garten","Commercial Intent","rasensamen kaufen",commercial
"garten","Commercial Intent","teichfolie kaufen",commercial
"garten","Commercial Intent","teichfolie epdm preis",commercial
"garten","Commercial Intent","zisterne kaufen preis",commercial
"garten","Commercial Intent","regentonne kaufen",commercial
"garten","Commercial Intent","gewächshaus heizung kaufen",commercial
"garten","Commercial Intent","heckenpflanzen kaufen",commercial
"garten","Commercial Intent","blumenerde 1000 liter preis",commercial
"garten","Commercial Intent","big bag erde preis",commercial
"garten","Commercial Intent","gewächshaus kaufen",commercial
"garten","Commercial Intent","kompost kaufen big bag",commercial
"garten","English","soil calculator raised bed",english
"garten","English","raised bed soil calculator",english
"garten","English","mulch calculator",english
"garten","English","how much mulch do i need",english
"garten","English","gravel calculator tons",english
"garten","English","plant spacing calculator",english
"garten","English","plants per square foot calculator",english
"garten","English","grass seed calculator",english
"garten","English","how much grass seed per square foot",english
"garten","English","sod calculator",english
"garten","English","pond liner size calculator",english
"garten","English","pond liner calculator",english
"garten","English","rainwater harvesting calculator",english
"garten","English","cistern size calculator",english
"garten","English","compost calculator",english
"garten","English","topsoil calculator",english
"garten","English","fertilizer calculator garden",english
"garten","English","greenhouse heater size calculator",english
"garten","English","when to start tomato seeds calculator",english
"garten","English","companion planting chart",english
"garten","English","crop rotation planner",english
"garten","English","garden bed planner",english
"garten","English","hedge spacing calculator",english
"garten","English","how much soil do i need calculator",english
"elektronik","Ohmsches Gesetz & Grundgesetze","ohmsches gesetz rechner",informational
"elektronik","Ohmsches Gesetz & Grundgesetze","ohmsches gesetz berechnen",informational
"elektronik","Ohmsches Gesetz & Grundgesetze","widerstand berechnen formel",informational
"elektronik","Ohmsches Gesetz & Grundgesetze","spannung strom widerstand rechner",informational
"elektronik","Ohmsches Gesetz & Grundgesetze","ohmsches gesetz online rechner",informational
"elektronik","Ohmsches Gesetz & Grundgesetze","ohm volt ampere umrechnen",informational
"elektronik","Ohmsches Gesetz & Grundgesetze","leistung berechnen elektrotechnik",informational
"elektronik","Ohmsches Gesetz & Grundgesetze","watt berechnen volt ampere",informational
"elektronik","Ohmsches Gesetz & Grundgesetze","ohmsches gesetz dreieck",informational
"elektronik","Widerstand Farbcode & Werte","widerstand farbcode rechner",informational
"elektronik","Widerstand Farbcode & Werte","widerstandsrechner",informational
"elektronik","Widerstand Farbcode & Werte","widerstand farbcode tabelle",informational
"elektronik","Widerstand Farbcode & Werte","farbcode widerstand berechnen",informational
"elektronik","Widerstand Farbcode & Werte","widerstand ringe berechnen",informational
"elektronik","Widerstand Farbcode & Werte","4 ring widerstand berechnen",informational
"elektronik","Widerstand Farbcode & Werte","5 ring widerstand rechner",informational
"elektronik","Widerstand Farbcode & Werte","widerstand farbcode online",informational
"elektronik","Widerstand Farbcode & Werte","e-reihe widerstand tabelle",informational
"elektronik","Widerstand Farbcode & Werte","widerstand parallel rechner",informational
"elektronik","Widerstand Farbcode & Werte","widerstand reihe parallel berechnen",informational
"elektronik","LED Vorwiderstand","led vorwiderstand rechner",informational
"elektronik","LED Vorwiderstand","led vorwiderstand berechnen",informational
"elektronik","LED Vorwiderstand","vorwiderstand berechnen led",informational
"elektronik","LED Vorwiderstand","led widerstand berechnen",informational
"elektronik","LED Vorwiderstand","led widerstandsrechner",informational
"elektronik","LED Vorwiderstand","vorwiderstand rechner online",informational
"elektronik","LED Vorwiderstand","led vorwiderstand 12v berechnen",informational
"elektronik","LED Vorwiderstand","led reihenschaltung widerstand berechnen",informational
"elektronik","LED Vorwiderstand","vorwiderstand berechnen formel",informational
"elektronik","RC/RL Filter & Grenzfrequenz","rc filter rechner",informational
"elektronik","RC/RL Filter & Grenzfrequenz","rc tiefpass berechnen",informational
"elektronik","RC/RL Filter & Grenzfrequenz","grenzfrequenz rechner",informational
"elektronik","RC/RL Filter & Grenzfrequenz","rc hochpass berechnen",informational
"elektronik","RC/RL Filter & Grenzfrequenz","tiefpass grenzfrequenz berechnen",informational
"elektronik","RC/RL Filter & Grenzfrequenz","rc glied zeitkonstante rechner",informational
"elektronik","RC/RL Filter & Grenzfrequenz","grenzfrequenz berechnen formel",informational
"elektronik","RC/RL Filter & Grenzfrequenz","rl filter rechner",informational
"elektronik","RC/RL Filter & Grenzfrequenz","tiefpass hochpass rechner online",informational
"elektronik","RC/RL Filter & Grenzfrequenz","eckfrequenz berechnen",informational
"elektronik","555 Timer / NE555","555 timer rechner",informational
"elektronik","555 Timer / NE555","ne555 rechner",informational
"elektronik","555 Timer / NE555","ne555 astabil berechnen",informational
"elektronik","555 Timer / NE555","555 timer frequenz berechnen",informational
"elektronik","555 Timer / NE555","ne555 oszillator rechner",informational
"elektronik","555 Timer / NE555","555 timer astabil rechner",informational
"elektronik","555 Timer / NE555","ne555 monostabil berechnen",informational
"elektronik","555 Timer / NE555","555 timer duty cycle rechner",informational
"elektronik","555 Timer / NE555","ne555 frequenz berechnen",informational
"elektronik","Spannungsteiler","spannungsteiler rechner",informational
"elektronik","Spannungsteiler","spannungsteiler berechnen",informational
"elektronik","Spannungsteiler","spannungsteiler formel",informational
"elektronik","Spannungsteiler","unbelasteter spannungsteiler rechner",informational
"elektronik","Spannungsteiler","belasteter spannungsteiler berechnen",informational
"elektronik","Spannungsteiler","spannungsteiler 3 widerstände rechner",informational
"elektronik","Spannungsteiler","spannungsteiler online berechnen",informational
"elektronik","Spannungsteiler","spannungsteiler widerstand berechnen",informational
"elektronik","Operationsverstärker (OPV)","operationsverstärker verstärkung berechnen",informational
"elektronik","Operationsverstärker (OPV)","nichtinvertierender verstärker rechner",informational
"elektronik","Operationsverstärker (OPV)","invertierender verstärker berechnen",informational
"elektronik","Operationsverstärker (OPV)","opv verstärkung rechner",informational
"elektronik","Operationsverstärker (OPV)","operationsverstärker rechner online",informational
"elektronik","Operationsverstärker (OPV)","opv widerstand berechnen",informational
"elektronik","Operationsverstärker (OPV)","verstärkung operationsverstärker formel",informational
"elektronik","Leiterbahn / PCB Design","leiterbahnbreite rechner",informational
"elektronik","Leiterbahn / PCB Design","leiterbahn strombelastbarkeit berechnen",informational
"elektronik","Leiterbahn / PCB Design","leiterbahnbreite berechnen",informational
"elektronik","Leiterbahn / PCB Design","strombelastbarkeit leiterbahn tabelle",informational
"elektronik","Leiterbahn / PCB Design","ipc-2221 rechner",informational
"elektronik","Leiterbahn / PCB Design","leiterbahn querschnitt berechnen",informational
"elektronik","Leiterbahn / PCB Design","pcb leiterbahnbreite rechner",informational
"elektronik","Leiterbahn / PCB Design","leiterbahnerwärmung rechner",informational
"elektronik","RLC Schwingkreis & Induktivität","rlc resonanzfrequenz rechner",informational
"elektronik","RLC Schwingkreis & Induktivität","schwingkreis resonanzfrequenz rechner",informational
"elektronik","RLC Schwingkreis & Induktivität","resonanzfrequenz berechnen",informational
"elektronik","RLC Schwingkreis & Induktivität","induktivität spule berechnen",informational
"elektronik","RLC Schwingkreis & Induktivität","schwingkreis berechnen",informational
"elektronik","RLC Schwingkreis & Induktivität","spule induktivität rechner",informational
"elektronik","RLC Schwingkreis & Induktivität","lc schwingkreis rechner",informational
"elektronik","RLC Schwingkreis & Induktivität","resonanzfrequenz formel",informational
"elektronik","RLC Schwingkreis & Induktivität","kondensator kapazität berechnen",informational
"elektronik","RLC Schwingkreis & Induktivität","thomson formel rechner",informational
"elektronik","SMD Code & Bauteil-Decoder","smd code rechner",informational
"elektronik","SMD Code & Bauteil-Decoder","smd widerstand code rechner",informational
"elektronik","SMD Code & Bauteil-Decoder","smd widerstand entschlüsseln",informational
"elektronik","SMD Code & Bauteil-Decoder","smd widerstandscode tabelle",informational
"elektronik","SMD Code & Bauteil-Decoder","smd code berechnen",informational
"elektronik","SMD Code & Bauteil-Decoder","smd widerstand beschriftung rechner",informational
"elektronik","SMD Code & Bauteil-Decoder","eia-96 code rechner",informational
"elektronik","dB / dBm Umrechner","db dbm umrechner",informational
"elektronik","dB / dBm Umrechner","dbm in watt umrechnen",informational
"elektronik","dB / dBm Umrechner","db rechner online",informational
"elektronik","dB / dBm Umrechner","dbm umrechner",informational
"elektronik","dB / dBm Umrechner","db in prozent umrechnen",informational
"elektronik","dB / dBm Umrechner","dbm watt tabelle",informational
"elektronik","dB / dBm Umrechner","spannung in db umrechnen",informational
"elektronik","Antennen / HF","dipol antenne länge berechnen",informational
"elektronik","Antennen / HF","antennenlänge berechnen",informational
"elektronik","Antennen / HF","dipol rechner",informational
"elektronik","Antennen / HF","lambda viertel antenne berechnen",informational
"elektronik","Antennen / HF","antenne länge rechner",informational
"elektronik","Antennen / HF","wellenlänge frequenz umrechner",informational
"elektronik","Antennen / HF","groundplane antenne berechnen",informational
"elektronik","Antennen / HF","halbwellendipol berechnen",informational
"elektronik","Commercial Intent","widerstand sortiment kaufen",commercial
"elektronik","Commercial Intent","widerstände kaufen",commercial
"elektronik","Commercial Intent","lötstation kaufen",commercial
"elektronik","Commercial Intent","multimeter kaufen",commercial
"elektronik","Commercial Intent","oszilloskop kaufen",commercial
"elektronik","Commercial Intent","labornetzgerät kaufen",commercial
"elektronik","Commercial Intent","ne555 kaufen",commercial
"elektronik","Commercial Intent","operationsverstärker ic kaufen",commercial
"elektronik","Commercial Intent","led sortiment kaufen",commercial
"elektronik","Commercial Intent","elektronik bauteile shop",commercial
"elektronik","Commercial Intent","platine bestücken lassen",commercial
"elektronik","Commercial Intent","leiterplatte fertigen lassen",commercial
"elektronik","Commercial Intent","smd bauteile kaufen",commercial
"elektronik","Commercial Intent","lötzinn kaufen",commercial
"elektronik","Commercial Intent","steckbrett kaufen",commercial
"elektronik","Commercial Intent","kondensator sortiment kaufen",commercial
"elektronik","Commercial Intent","funktionsgenerator kaufen",commercial
"elektronik","Commercial Intent","heißluft lötstation kaufen",commercial
"elektronik","Commercial Intent","entlötstation kaufen",commercial
"elektronik","Commercial Intent","raspberry pi kaufen",commercial
"elektronik","English","ohms law calculator",english
"elektronik","English","resistor color code calculator",english
"elektronik","English","led resistor calculator",english
"elektronik","English","voltage divider calculator",english
"elektronik","English","555 timer calculator",english
"elektronik","English","rc filter calculator",english
"elektronik","English","low pass filter calculator",english
"elektronik","English","high pass filter calculator",english
"elektronik","English","cutoff frequency calculator",english
"elektronik","English","op amp gain calculator",english
"elektronik","English","non inverting amplifier calculator",english
"elektronik","English","pcb trace width calculator",english
"elektronik","English","ipc-2221 calculator",english
"elektronik","English","lc resonant frequency calculator",english
"elektronik","English","rlc circuit calculator",english
"elektronik","English","inductor calculator",english
"elektronik","English","smd resistor code calculator",english
"elektronik","English","dbm to watts calculator",english
"elektronik","English","db calculator",english
"elektronik","English","dipole antenna length calculator",english
"elektronik","English","antenna length calculator",english
"elektronik","English","capacitor charge calculator",english
"elektronik","English","wavelength frequency calculator",english
"elektronik","English","parallel resistor calculator",english
"elektronik","English","ohms law triangle",english
"elektronik","English","wire gauge ampacity calculator",english
"stochastik","Normalverteilung & Standardnormalverteilung (Rechner)","normalverteilung rechner",informational
"stochastik","Normalverteilung & Standardnormalverteilung (Rechner)","normalverteilung berechnen",informational
"stochastik","Normalverteilung & Standardnormalverteilung (Rechner)","normalverteilung online rechner",informational
"stochastik","Normalverteilung & Standardnormalverteilung (Rechner)","normalverteilung rechner online kostenlos",informational
"stochastik","Normalverteilung & Standardnormalverteilung (Rechner)","standardnormalverteilung rechner",informational
"stochastik","Normalverteilung & Standardnormalverteilung (Rechner)","gaußsche normalverteilung berechnen",informational
"stochastik","Normalverteilung & Standardnormalverteilung (Rechner)","dichtefunktion normalverteilung berechnen",informational
"stochastik","Normalverteilung & Standardnormalverteilung (Rechner)","verteilungsfunktion normalverteilung rechner",informational
"stochastik","Normalverteilung & Standardnormalverteilung (Rechner)","normalverteilung wahrscheinlichkeit berechnen",informational
"stochastik","Normalverteilung & Standardnormalverteilung (Rechner)","z wert berechnen normalverteilung",informational
"stochastik","Normalverteilung & Standardnormalverteilung (Rechner)","glockenkurve berechnen",informational
"stochastik","Binomialverteilung (Rechner & Tabelle)","binomialverteilung rechner",informational
"stochastik","Binomialverteilung (Rechner & Tabelle)","binomialverteilung berechnen",informational
"stochastik","Binomialverteilung (Rechner & Tabelle)","binomialverteilung rechner online",informational
"stochastik","Binomialverteilung (Rechner & Tabelle)","binomialverteilung tabelle",informational
"stochastik","Binomialverteilung (Rechner & Tabelle)","kumulierte binomialverteilung rechner",informational
"stochastik","Binomialverteilung (Rechner & Tabelle)","binomialverteilung tabelle online",informational
"stochastik","Binomialverteilung (Rechner & Tabelle)","bernoulli kette rechner",informational
"stochastik","Binomialverteilung (Rechner & Tabelle)","p(x=k) binomialverteilung berechnen",informational
"stochastik","Binomialverteilung (Rechner & Tabelle)","binomialverteilung erwartungswert berechnen",informational
"stochastik","Binomialverteilung (Rechner & Tabelle)","sigma umgebung binomialverteilung rechner",informational
"stochastik","Erwartungswert, Varianz & Standardabweichung","standardabweichung berechnen",informational
"stochastik","Erwartungswert, Varianz & Standardabweichung","standardabweichung rechner",informational
"stochastik","Erwartungswert, Varianz & Standardabweichung","standardabweichung online berechnen",informational
"stochastik","Erwartungswert, Varianz & Standardabweichung","varianz berechnen rechner",informational
"stochastik","Erwartungswert, Varianz & Standardabweichung","erwartungswert berechnen",informational
"stochastik","Erwartungswert, Varianz & Standardabweichung","erwartungswert rechner",informational
"stochastik","Erwartungswert, Varianz & Standardabweichung","varianz und standardabweichung rechner",informational
"stochastik","Erwartungswert, Varianz & Standardabweichung","mittelwert varianz standardabweichung rechner",informational
"stochastik","Erwartungswert, Varianz & Standardabweichung","empirische standardabweichung berechnen",informational
"stochastik","Erwartungswert, Varianz & Standardabweichung","standardabweichung zufallsvariable berechnen",informational
"stochastik","Konfidenzintervall & Hypothesentest / p-Wert","konfidenzintervall rechner",informational
"stochastik","Konfidenzintervall & Hypothesentest / p-Wert","konfidenzintervall berechnen",informational
"stochastik","Konfidenzintervall & Hypothesentest / p-Wert","konfidenzintervall rechner online",informational
"stochastik","Konfidenzintervall & Hypothesentest / p-Wert","95 konfidenzintervall rechner",informational
"stochastik","Konfidenzintervall & Hypothesentest / p-Wert","konfidenzintervall mittelwert berechnen",informational
"stochastik","Konfidenzintervall & Hypothesentest / p-Wert","hypothesentest rechner",informational
"stochastik","Konfidenzintervall & Hypothesentest / p-Wert","p wert berechnen",informational
"stochastik","Konfidenzintervall & Hypothesentest / p-Wert","p wert rechner",informational
"stochastik","Konfidenzintervall & Hypothesentest / p-Wert","p wert berechnen online",informational
"stochastik","Konfidenzintervall & Hypothesentest / p-Wert","signifikanztest rechner",informational
"stochastik","z-Tabelle / t-Tabelle (Verteilungstabellen)","z tabelle",informational
"stochastik","z-Tabelle / t-Tabelle (Verteilungstabellen)","z wert tabelle",informational
"stochastik","z-Tabelle / t-Tabelle (Verteilungstabellen)","standardnormalverteilung tabelle",informational
"stochastik","z-Tabelle / t-Tabelle (Verteilungstabellen)","tabelle normalverteilung",informational
"stochastik","z-Tabelle / t-Tabelle (Verteilungstabellen)","t tabelle",informational
"stochastik","z-Tabelle / t-Tabelle (Verteilungstabellen)","t verteilung tabelle",informational
"stochastik","z-Tabelle / t-Tabelle (Verteilungstabellen)","z tabelle ablesen",informational
"stochastik","z-Tabelle / t-Tabelle (Verteilungstabellen)","verteilungstabelle standardnormalverteilung",informational
"stochastik","z-Tabelle / t-Tabelle (Verteilungstabellen)","quantil normalverteilung tabelle",informational
"stochastik","Satz von Bayes & bedingte Wahrscheinlichkeit","bayes rechner",informational
"stochastik","Satz von Bayes & bedingte Wahrscheinlichkeit","satz von bayes rechner",informational
"stochastik","Satz von Bayes & bedingte Wahrscheinlichkeit","satz von bayes berechnen",informational
"stochastik","Satz von Bayes & bedingte Wahrscheinlichkeit","bedingte wahrscheinlichkeit rechner",informational
"stochastik","Satz von Bayes & bedingte Wahrscheinlichkeit","bedingte wahrscheinlichkeit berechnen",informational
"stochastik","Satz von Bayes & bedingte Wahrscheinlichkeit","bayes formel rechner",informational
"stochastik","Satz von Bayes & bedingte Wahrscheinlichkeit","vierfeldertafel rechner",informational
"stochastik","Satz von Bayes & bedingte Wahrscheinlichkeit","totale wahrscheinlichkeit berechnen",informational
"stochastik","Baumdiagramm (Generator)","baumdiagramm generator",informational
"stochastik","Baumdiagramm (Generator)","baumdiagramm erstellen online",informational
"stochastik","Baumdiagramm (Generator)","baumdiagramm zeichnen online",informational
"stochastik","Baumdiagramm (Generator)","baumdiagramm wahrscheinlichkeit berechnen",informational
"stochastik","Baumdiagramm (Generator)","baumdiagramm generator kostenlos",informational
"stochastik","Baumdiagramm (Generator)","pfadregel baumdiagramm rechner",informational
"stochastik","Baumdiagramm (Generator)","wahrscheinlichkeit baumdiagramm rechner",informational
"stochastik","Galtonbrett & zentraler Grenzwertsatz (Simulator)","galtonbrett simulator",informational
"stochastik","Galtonbrett & zentraler Grenzwertsatz (Simulator)","galtonbrett simulation online",informational
"stochastik","Galtonbrett & zentraler Grenzwertsatz (Simulator)","galton brett simulation",informational
"stochastik","Galtonbrett & zentraler Grenzwertsatz (Simulator)","galtonbrett binomialverteilung",informational
"stochastik","Galtonbrett & zentraler Grenzwertsatz (Simulator)","zentraler grenzwertsatz simulation",informational
"stochastik","Galtonbrett & zentraler Grenzwertsatz (Simulator)","zentraler grenzwertsatz rechner",informational
"stochastik","Galtonbrett & zentraler Grenzwertsatz (Simulator)","zentraler grenzwertsatz beispiel",informational
"stochastik","Monty Hall / Ziegenproblem (Simulator)","ziegenproblem simulator",informational
"stochastik","Monty Hall / Ziegenproblem (Simulator)","monty hall problem simulator",informational
"stochastik","Monty Hall / Ziegenproblem (Simulator)","ziegenproblem erklärung",informational
"stochastik","Monty Hall / Ziegenproblem (Simulator)","ziegenproblem wahrscheinlichkeit berechnen",informational
"stochastik","Monty Hall / Ziegenproblem (Simulator)","drei türen problem simulation",informational
"stochastik","Monty Hall / Ziegenproblem (Simulator)","monty hall problem erklärt",informational
"stochastik","Würfel- & Münzwurf-Simulator (Zufall)","würfel simulator",informational
"stochastik","Würfel- & Münzwurf-Simulator (Zufall)","würfel simulator online",informational
"stochastik","Würfel- & Münzwurf-Simulator (Zufall)","online würfeln",informational
"stochastik","Würfel- & Münzwurf-Simulator (Zufall)","würfel zufallsgenerator",informational
"stochastik","Würfel- & Münzwurf-Simulator (Zufall)","münzwurf simulator",informational
"stochastik","Würfel- & Münzwurf-Simulator (Zufall)","würfel wahrscheinlichkeit berechnen",informational
"stochastik","Würfel- & Münzwurf-Simulator (Zufall)","zwei würfel wahrscheinlichkeit rechner",informational
"stochastik","Würfel- & Münzwurf-Simulator (Zufall)","zufallszahlen generator würfel",informational
"stochastik","Lotto- & Glücksspiel-Wahrscheinlichkeit (Rechner)","lotto wahrscheinlichkeit 6 aus 49",informational
"stochastik","Lotto- & Glücksspiel-Wahrscheinlichkeit (Rechner)","lotto wahrscheinlichkeit berechnen",informational
"stochastik","Lotto- & Glücksspiel-Wahrscheinlichkeit (Rechner)","gewinnwahrscheinlichkeit lotto rechner",informational
"stochastik","Lotto- & Glücksspiel-Wahrscheinlichkeit (Rechner)","6 aus 49 wahrscheinlichkeit rechner",informational
"stochastik","Lotto- & Glücksspiel-Wahrscheinlichkeit (Rechner)","wahrscheinlichkeitsrechner lotto",informational
"stochastik","Lotto- & Glücksspiel-Wahrscheinlichkeit (Rechner)","kombinatorik rechner ziehen ohne zurücklegen",informational
"stochastik","Lotto- & Glücksspiel-Wahrscheinlichkeit (Rechner)","binomialkoeffizient rechner",informational
"stochastik","Lotto- & Glücksspiel-Wahrscheinlichkeit (Rechner)","n über k rechner",informational
"stochastik","Poisson- & weitere Verteilungen / Boxplot & Streumaße","poisson verteilung rechner",informational
"stochastik","Poisson- & weitere Verteilungen / Boxplot & Streumaße","poisson verteilung berechnen",informational
"stochastik","Poisson- & weitere Verteilungen / Boxplot & Streumaße","hypergeometrische verteilung rechner",informational
"stochastik","Poisson- & weitere Verteilungen / Boxplot & Streumaße","boxplot online erstellen",informational
"stochastik","Poisson- & weitere Verteilungen / Boxplot & Streumaße","boxplot generator",informational
"stochastik","Poisson- & weitere Verteilungen / Boxplot & Streumaße","boxplot rechner online",informational
"stochastik","Poisson- & weitere Verteilungen / Boxplot & Streumaße","median quartil rechner",informational
"stochastik","Poisson- & weitere Verteilungen / Boxplot & Streumaße","quartil berechnen rechner",informational
"stochastik","Commercial Intent","spss kaufen",commercial
"stochastik","Commercial Intent","spss lizenz kaufen",commercial
"stochastik","Commercial Intent","spss statistics preis",commercial
"stochastik","Commercial Intent","statistik software kaufen",commercial
"stochastik","Commercial Intent","statistische auswertung dienstleistung",commercial
"stochastik","Commercial Intent","statistik beratung kosten",commercial
"stochastik","Commercial Intent","spss auswertung service",commercial
"stochastik","Commercial Intent","datenauswertung masterarbeit hilfe",commercial
"stochastik","Commercial Intent","statistik nachhilfe online buchen",commercial
"stochastik","Commercial Intent","mathe nachhilfe stochastik kosten",commercial
"stochastik","Commercial Intent","lotto online spielen",commercial
"stochastik","Commercial Intent","lottoschein abgeben online",commercial
"stochastik","Commercial Intent","wissenschaftlicher taschenrechner kaufen",commercial
"stochastik","Commercial Intent","ti nspire cx ii t kaufen",commercial
"stochastik","Commercial Intent","casio fx 991 de x kaufen",commercial
"stochastik","Commercial Intent","galtonbrett kaufen",commercial
"stochastik","Commercial Intent","minitab lizenz kaufen",commercial
"stochastik","Commercial Intent","graphpad prism kaufen",commercial
"stochastik","Commercial Intent","statistik buch stochastik kaufen",commercial
"stochastik","Commercial Intent","online kurs statistik kaufen",commercial
"stochastik","English","normal distribution calculator",english
"stochastik","English","standard normal distribution calculator",english
"stochastik","English","binomial distribution calculator",english
"stochastik","English","binomial probability calculator",english
"stochastik","English","z score calculator",english
"stochastik","English","z table",english
"stochastik","English","t table",english
"stochastik","English","standard deviation calculator",english
"stochastik","English","variance calculator",english
"stochastik","English","expected value calculator",english
"stochastik","English","confidence interval calculator",english
"stochastik","English","p value calculator",english
"stochastik","English","hypothesis test calculator",english
"stochastik","English","bayes theorem calculator",english
"stochastik","English","conditional probability calculator",english
"stochastik","English","probability tree diagram generator",english
"stochastik","English","box plot maker online",english
"stochastik","English","box and whisker plot calculator",english
"stochastik","English","galton board simulator",english
"stochastik","English","central limit theorem simulation",english
"stochastik","English","monty hall problem simulator",english
"stochastik","English","dice roll simulator online",english
"stochastik","English","coin flip simulator",english
"stochastik","English","lottery odds calculator",english
"stochastik","English","combination calculator nCr",english
"stochastik","English","poisson distribution calculator",english
"stochastik","English","quartile calculator",english
"stochastik","English","sample size calculator",english
"mint-physik-chemie","Wurf & Kinematik (schiefer Wurf, freier Fall)","schiefer wurf rechner",informational
"mint-physik-chemie","Wurf & Kinematik (schiefer Wurf, freier Fall)","schiefer wurf berechnen",informational
"mint-physik-chemie","Wurf & Kinematik (schiefer Wurf, freier Fall)","wurfparabel rechner",informational
"mint-physik-chemie","Wurf & Kinematik (schiefer Wurf, freier Fall)","wurfweite berechnen",informational
"mint-physik-chemie","Wurf & Kinematik (schiefer Wurf, freier Fall)","wurfhöhe berechnen",informational
"mint-physik-chemie","Wurf & Kinematik (schiefer Wurf, freier Fall)","schiefer wurf rechner online",informational
"mint-physik-chemie","Wurf & Kinematik (schiefer Wurf, freier Fall)","senkrechter wurf rechner",informational
"mint-physik-chemie","Wurf & Kinematik (schiefer Wurf, freier Fall)","waagerechter wurf rechner",informational
"mint-physik-chemie","Wurf & Kinematik (schiefer Wurf, freier Fall)","freier fall rechner",informational
"mint-physik-chemie","Wurf & Kinematik (schiefer Wurf, freier Fall)","freier fall berechnen",informational
"mint-physik-chemie","Wurf & Kinematik (schiefer Wurf, freier Fall)","fallgeschwindigkeit berechnen",informational
"mint-physik-chemie","Wurf & Kinematik (schiefer Wurf, freier Fall)","fallzeit berechnen rechner",informational
"mint-physik-chemie","Wurf & Kinematik (schiefer Wurf, freier Fall)","freier fall geschwindigkeit rechner",informational
"mint-physik-chemie","Schwingungen & Pendel (Feder, Faden)","federpendel rechner",informational
"mint-physik-chemie","Schwingungen & Pendel (Feder, Faden)","schwingungsdauer berechnen",informational
"mint-physik-chemie","Schwingungen & Pendel (Feder, Faden)","schwingungsdauer federpendel rechner",informational
"mint-physik-chemie","Schwingungen & Pendel (Feder, Faden)","schwingungsdauer federschwinger berechnen",informational
"mint-physik-chemie","Schwingungen & Pendel (Feder, Faden)","fadenpendel schwingungsdauer rechner",informational
"mint-physik-chemie","Schwingungen & Pendel (Feder, Faden)","periodendauer berechnen",informational
"mint-physik-chemie","Schwingungen & Pendel (Feder, Faden)","federkonstante berechnen rechner",informational
"mint-physik-chemie","Schwingungen & Pendel (Feder, Faden)","harmonische schwingung rechner",informational
"mint-physik-chemie","Schwingungen & Pendel (Feder, Faden)","amplitude berechnen schwingung",informational
"mint-physik-chemie","Mechanik: Hebel & Drehmoment","hebelgesetz rechner",informational
"mint-physik-chemie","Mechanik: Hebel & Drehmoment","drehmoment berechnen",informational
"mint-physik-chemie","Mechanik: Hebel & Drehmoment","hebelgesetz berechnen online",informational
"mint-physik-chemie","Mechanik: Hebel & Drehmoment","drehmoment rechner online",informational
"mint-physik-chemie","Mechanik: Hebel & Drehmoment","hebelarm berechnen",informational
"mint-physik-chemie","Mechanik: Hebel & Drehmoment","kraft am hebel berechnen",informational
"mint-physik-chemie","Mechanik: Hebel & Drehmoment","einseitiger hebel rechner",informational
"mint-physik-chemie","Optik: Linsen & Strahlengang","linsen rechner",informational
"mint-physik-chemie","Optik: Linsen & Strahlengang","abbildungsgleichung rechner",informational
"mint-physik-chemie","Optik: Linsen & Strahlengang","brennweite berechnen linse",informational
"mint-physik-chemie","Optik: Linsen & Strahlengang","linsengleichung online rechner",informational
"mint-physik-chemie","Optik: Linsen & Strahlengang","strahlengang linse zeichnen",informational
"mint-physik-chemie","Optik: Linsen & Strahlengang","vergrößerung linse berechnen",informational
"mint-physik-chemie","Optik: Linsen & Strahlengang","gegenstandsweite bildweite rechner",informational
"mint-physik-chemie","Optik: Brechung (Snellius)","brechungsgesetz rechner",informational
"mint-physik-chemie","Optik: Brechung (Snellius)","snellius rechner",informational
"mint-physik-chemie","Optik: Brechung (Snellius)","brechungswinkel berechnen",informational
"mint-physik-chemie","Optik: Brechung (Snellius)","brechungsindex berechnen rechner",informational
"mint-physik-chemie","Optik: Brechung (Snellius)","brechungsgesetz online berechnen",informational
"mint-physik-chemie","Optik: Brechung (Snellius)","totalreflexion grenzwinkel rechner",informational
"mint-physik-chemie","Gase & Thermodynamik (ideales Gasgesetz)","ideales gasgesetz rechner",informational
"mint-physik-chemie","Gase & Thermodynamik (ideales Gasgesetz)","gasgesetz rechner online",informational
"mint-physik-chemie","Gase & Thermodynamik (ideales Gasgesetz)","pv=nrt rechner",informational
"mint-physik-chemie","Gase & Thermodynamik (ideales Gasgesetz)","allgemeine gasgleichung rechner",informational
"mint-physik-chemie","Gase & Thermodynamik (ideales Gasgesetz)","ideale gasgleichung berechnen",informational
"mint-physik-chemie","Gase & Thermodynamik (ideales Gasgesetz)","gasdichte rechner",informational
"mint-physik-chemie","Gase & Thermodynamik (ideales Gasgesetz)","gasgesetz volumen berechnen",informational
"mint-physik-chemie","Gase & Thermodynamik (ideales Gasgesetz)","stoffmenge gas berechnen rechner",informational
"mint-physik-chemie","Chemie: pH-Wert & Säure-Base","ph wert berechnen",informational
"mint-physik-chemie","Chemie: pH-Wert & Säure-Base","ph wert rechner",informational
"mint-physik-chemie","Chemie: pH-Wert & Säure-Base","ph wert rechner online",informational
"mint-physik-chemie","Chemie: pH-Wert & Säure-Base","ph wert starke säure berechnen",informational
"mint-physik-chemie","Chemie: pH-Wert & Säure-Base","ph wert schwache säure rechner",informational
"mint-physik-chemie","Chemie: pH-Wert & Säure-Base","poh berechnen rechner",informational
"mint-physik-chemie","Chemie: pH-Wert & Säure-Base","säurekonstante ks rechner",informational
"mint-physik-chemie","Chemie: pH-Wert & Säure-Base","titrationskurve berechnen",informational
"mint-physik-chemie","Chemie: pH-Wert & Säure-Base","titrationskurve rechner online",informational
"mint-physik-chemie","Chemie: Konzentration & Verdünnung (c1v1=c2v2)","verdünnung rechner",informational
"mint-physik-chemie","Chemie: Konzentration & Verdünnung (c1v1=c2v2)","c1v1 c2v2 rechner",informational
"mint-physik-chemie","Chemie: Konzentration & Verdünnung (c1v1=c2v2)","verdünnung berechnen online",informational
"mint-physik-chemie","Chemie: Konzentration & Verdünnung (c1v1=c2v2)","stoffmengenkonzentration rechner",informational
"mint-physik-chemie","Chemie: Konzentration & Verdünnung (c1v1=c2v2)","molarität berechnen rechner",informational
"mint-physik-chemie","Chemie: Konzentration & Verdünnung (c1v1=c2v2)","verdünnungsfaktor berechnen",informational
"mint-physik-chemie","Chemie: Konzentration & Verdünnung (c1v1=c2v2)","konzentration berechnen chemie rechner",informational
"mint-physik-chemie","Chemie: Konzentration & Verdünnung (c1v1=c2v2)","lösung verdünnen rechner",informational
"mint-physik-chemie","Chemie: Molare Masse & Stöchiometrie","molare masse rechner",informational
"mint-physik-chemie","Chemie: Molare Masse & Stöchiometrie","molare masse berechnen",informational
"mint-physik-chemie","Chemie: Molare Masse & Stöchiometrie","molmasse rechner online",informational
"mint-physik-chemie","Chemie: Molare Masse & Stöchiometrie","molare masse berechnen rechner kostenlos",informational
"mint-physik-chemie","Chemie: Molare Masse & Stöchiometrie","stoffmenge berechnen rechner",informational
"mint-physik-chemie","Chemie: Molare Masse & Stöchiometrie","molekülmasse berechnen",informational
"mint-physik-chemie","Chemie: Molare Masse & Stöchiometrie","stöchiometrie rechner",informational
"mint-physik-chemie","Chemie: Reaktionsgleichungen ausgleichen","reaktionsgleichung ausgleichen",informational
"mint-physik-chemie","Chemie: Reaktionsgleichungen ausgleichen","reaktionsgleichung ausgleichen rechner",informational
"mint-physik-chemie","Chemie: Reaktionsgleichungen ausgleichen","chemische gleichung ausgleichen online",informational
"mint-physik-chemie","Chemie: Reaktionsgleichungen ausgleichen","reaktionsgleichung rechner kostenlos",informational
"mint-physik-chemie","Chemie: Reaktionsgleichungen ausgleichen","chemische gleichungen ausgleichen rechner",informational
"mint-physik-chemie","Chemie: Reaktionsgleichungen ausgleichen","stöchiometrische koeffizienten berechnen",informational
"mint-physik-chemie","Kernphysik: Halbwertszeit & Zerfall","halbwertszeit rechner",informational
"mint-physik-chemie","Kernphysik: Halbwertszeit & Zerfall","halbwertszeit berechnen",informational
"mint-physik-chemie","Kernphysik: Halbwertszeit & Zerfall","radioaktiver zerfall rechner",informational
"mint-physik-chemie","Kernphysik: Halbwertszeit & Zerfall","zerfallsgesetz rechner online",informational
"mint-physik-chemie","Kernphysik: Halbwertszeit & Zerfall","halbwertszeit rechner online",informational
"mint-physik-chemie","Kernphysik: Halbwertszeit & Zerfall","zerfallskonstante berechnen",informational
"mint-physik-chemie","Kernphysik: Halbwertszeit & Zerfall","restmenge radioaktiver zerfall berechnen",informational
"mint-physik-chemie","Kernphysik: Halbwertszeit & Zerfall","halbwertszeit berechnen kostenlos",informational
"mint-physik-chemie","Periodensystem (interaktiv) & Element-Tools","periodensystem interaktiv",informational
"mint-physik-chemie","Periodensystem (interaktiv) & Element-Tools","periodensystem online",informational
"mint-physik-chemie","Periodensystem (interaktiv) & Element-Tools","interaktives periodensystem kostenlos",informational
"mint-physik-chemie","Periodensystem (interaktiv) & Element-Tools","periodensystem der elemente online",informational
"mint-physik-chemie","Periodensystem (interaktiv) & Element-Tools","periodensystem tabelle",informational
"mint-physik-chemie","Periodensystem (interaktiv) & Element-Tools","elektronenkonfiguration rechner",informational
"mint-physik-chemie","Periodensystem (interaktiv) & Element-Tools","ordnungszahl tabelle",informational
"mint-physik-chemie","Periodensystem (interaktiv) & Element-Tools","periodensystem online kostenlos",informational
"mint-physik-chemie","Commercial Intent","ph meter kaufen",commercial
"mint-physik-chemie","Commercial Intent","ph messgerät labor kaufen",commercial
"mint-physik-chemie","Commercial Intent","ph teststreifen kaufen",commercial
"mint-physik-chemie","Commercial Intent","titration set kaufen",commercial
"mint-physik-chemie","Commercial Intent","bürette kaufen",commercial
"mint-physik-chemie","Commercial Intent","laborwaage kaufen",commercial
"mint-physik-chemie","Commercial Intent","analysenwaage kaufen",commercial
"mint-physik-chemie","Commercial Intent","experimentierkasten chemie kaufen",commercial
"mint-physik-chemie","Commercial Intent","chemiebaukasten kaufen",commercial
"mint-physik-chemie","Commercial Intent","periodensystem poster kaufen",commercial
"mint-physik-chemie","Commercial Intent","periodensystem wandkarte kaufen",commercial
"mint-physik-chemie","Commercial Intent","sammellinse kaufen",commercial
"mint-physik-chemie","Commercial Intent","optik experimentierset kaufen",commercial
"mint-physik-chemie","Commercial Intent","federwaage kaufen",commercial
"mint-physik-chemie","Commercial Intent","feder set physik kaufen",commercial
"mint-physik-chemie","Commercial Intent","schülerexperiment physik set kaufen",commercial
"mint-physik-chemie","Commercial Intent","laborbedarf schule kaufen",commercial
"mint-physik-chemie","Commercial Intent","messzylinder kaufen",commercial
"mint-physik-chemie","Commercial Intent","geiger müller zähler kaufen",commercial
"mint-physik-chemie","Commercial Intent","ph pufferlösung kaufen",commercial
"mint-physik-chemie","English","projectile motion calculator",english
"mint-physik-chemie","English","free fall calculator",english
"mint-physik-chemie","English","spring pendulum calculator",english
"mint-physik-chemie","English","oscillation period calculator",english
"mint-physik-chemie","English","lever torque calculator",english
"mint-physik-chemie","English","lens equation calculator",english
"mint-physik-chemie","English","thin lens calculator",english
"mint-physik-chemie","English","snells law calculator",english
"mint-physik-chemie","English","refraction calculator",english
"mint-physik-chemie","English","ideal gas law calculator",english
"mint-physik-chemie","English","pv=nrt calculator",english
"mint-physik-chemie","English","ph calculator",english
"mint-physik-chemie","English","ph calculator online",english
"mint-physik-chemie","English","titration curve calculator",english
"mint-physik-chemie","English","dilution calculator",english
"mint-physik-chemie","English","c1v1 c2v2 calculator",english
"mint-physik-chemie","English","molarity calculator",english
"mint-physik-chemie","English","molar mass calculator",english
"mint-physik-chemie","English","balance chemical equation calculator",english
"mint-physik-chemie","English","stoichiometry calculator",english
"mint-physik-chemie","English","half life calculator",english
"mint-physik-chemie","English","radioactive decay calculator",english
"mint-physik-chemie","English","interactive periodic table",english
"mint-physik-chemie","English","periodic table online",english
"mint-physik-chemie","English","gas density calculator",english
"mint-physik-chemie","English","focal length calculator",english
